{
  "meta": {
    "app": "MAKKO Sprite Studio",
    "version": "1.0.0",
    "image": "a_plant_alien_growing_growing128x128.png",
    "format": "RGBA8888",
    "size": {
      "w": 1024,
      "h": 1024
    },
    "scale": 1,
    "frameTags": [
      {
        "name": "Growing",
        "from": 0,
        "to": 47,
        "direction": "forward"
      }
    ],
    "anchor": {
      "x": 64,
      "y": 104,
      "normalized": {
        "x": 0.5,
        "y": 0.9904761904761905
      },
      "strategy": "bottom-center"
    },
    "referenceAlignment": {
      "referenceBounds": {
        "width": 79,
        "height": 105
      },
      "frameBounds": {
        "width": 128,
        "height": 105
      },
      "normalized": true
    }
  },
  "frames": {
    "a_plant_alien_growing_growing128x128_000.png": {
      "frame": {
        "x": 0,
        "y": 0,
        "w": 128,
        "h": 105
      },
      "rotated": false,
      "trimmed": false,
      "spriteSourceSize": {
        "x": 0,
        "y": 0,
        "w": 128,
        "h": 105
      },
      "sourceSize": {
        "w": 128,
        "h": 105
      },
      "duration": 83
    },
    "a_plant_alien_growing_growing128x128_001.png": {
      "frame": {
        "x": 128,
        "y": 0,
        "w": 128,
        "h": 105
      },
      "rotated": false,
      "trimmed": false,
      "spriteSourceSize": {
        "x": 0,
        "y": 0,
        "w": 128,
        "h": 105
      },
      "sourceSize": {
        "w": 128,
        "h": 105
      },
      "duration": 83
    },
    "a_plant_alien_growing_growing128x128_002.png": {
      "frame": {
        "x": 256,
        "y": 0,
        "w": 128,
        "h": 105
      },
      "rotated": false,
      "trimmed": false,
      "spriteSourceSize": {
        "x": 0,
        "y": 0,
        "w": 128,
        "h": 105
      },
      "sourceSize": {
        "w": 128,
        "h": 105
      },
      "duration": 83
    },
    "a_plant_alien_growing_growing128x128_003.png": {
      "frame": {
        "x": 384,
        "y": 0,
        "w": 128,
        "h": 105
      },
      "rotated": false,
      "trimmed": false,
      "spriteSourceSize": {
        "x": 0,
        "y": 0,
        "w": 128,
        "h": 105
      },
      "sourceSize": {
        "w": 128,
        "h": 105
      },
      "duration": 83
    },
    "a_plant_alien_growing_growing128x128_004.png": {
      "frame": {
        "x": 512,
        "y": 0,
        "w": 128,
        "h": 105
      },
      "rotated": false,
      "trimmed": false,
      "spriteSourceSize": {
        "x": 0,
        "y": 0,
        "w": 128,
        "h": 105
      },
      "sourceSize": {
        "w": 128,
        "h": 105
      },
      "duration": 83
    },
    "a_plant_alien_growing_growing128x128_005.png": {
      "frame": {
        "x": 640,
        "y": 0,
        "w": 128,
        "h": 105
      },
      "rotated": false,
      "trimmed": false,
      "spriteSourceSize": {
        "x": 0,
        "y": 0,
        "w": 128,
        "h": 105
      },
      "sourceSize": {
        "w": 128,
        "h": 105
      },
      "duration": 83
    },
    "a_plant_alien_growing_growing128x128_006.png": {
      "frame": {
        "x": 768,
        "y": 0,
        "w": 128,
        "h": 105
      },
      "rotated": false,
      "trimmed": false,
      "spriteSourceSize": {
        "x": 0,
        "y": 0,
        "w": 128,
        "h": 105
      },
      "sourceSize": {
        "w": 128,
        "h": 105
      },
      "duration": 83
    },
    "a_plant_alien_growing_growing128x128_007.png": {
      "frame": {
        "x": 0,
        "y": 105,
        "w": 128,
        "h": 105
      },
      "rotated": false,
      "trimmed": false,
      "spriteSourceSize": {
        "x": 0,
        "y": 0,
        "w": 128,
        "h": 105
      },
      "sourceSize": {
        "w": 128,
        "h": 105
      },
      "duration": 83
    },
    "a_plant_alien_growing_growing128x128_008.png": {
      "frame": {
        "x": 128,
        "y": 105,
        "w": 128,
        "h": 105
      },
      "rotated": false,
      "trimmed": false,
      "spriteSourceSize": {
        "x": 0,
        "y": 0,
        "w": 128,
        "h": 105
      },
      "sourceSize": {
        "w": 128,
        "h": 105
      },
      "duration": 83
    },
    "a_plant_alien_growing_growing128x128_009.png": {
      "frame": {
        "x": 256,
        "y": 105,
        "w": 128,
        "h": 105
      },
      "rotated": false,
      "trimmed": false,
      "spriteSourceSize": {
        "x": 0,
        "y": 0,
        "w": 128,
        "h": 105
      },
      "sourceSize": {
        "w": 128,
        "h": 105
      },
      "duration": 83
    },
    "a_plant_alien_growing_growing128x128_010.png": {
      "frame": {
        "x": 384,
        "y": 105,
        "w": 128,
        "h": 105
      },
      "rotated": false,
      "trimmed": false,
      "spriteSourceSize": {
        "x": 0,
        "y": 0,
        "w": 128,
        "h": 105
      },
      "sourceSize": {
        "w": 128,
        "h": 105
      },
      "duration": 83
    },
    "a_plant_alien_growing_growing128x128_011.png": {
      "frame": {
        "x": 512,
        "y": 105,
        "w": 128,
        "h": 105
      },
      "rotated": false,
      "trimmed": false,
      "spriteSourceSize": {
        "x": 0,
        "y": 0,
        "w": 128,
        "h": 105
      },
      "sourceSize": {
        "w": 128,
        "h": 105
      },
      "duration": 83
    },
    "a_plant_alien_growing_growing128x128_012.png": {
      "frame": {
        "x": 640,
        "y": 105,
        "w": 128,
        "h": 105
      },
      "rotated": false,
      "trimmed": false,
      "spriteSourceSize": {
        "x": 0,
        "y": 0,
        "w": 128,
        "h": 105
      },
      "sourceSize": {
        "w": 128,
        "h": 105
      },
      "duration": 83
    },
    "a_plant_alien_growing_growing128x128_013.png": {
      "frame": {
        "x": 768,
        "y": 105,
        "w": 128,
        "h": 105
      },
      "rotated": false,
      "trimmed": false,
      "spriteSourceSize": {
        "x": 0,
        "y": 0,
        "w": 128,
        "h": 105
      },
      "sourceSize": {
        "w": 128,
        "h": 105
      },
      "duration": 83
    },
    "a_plant_alien_growing_growing128x128_014.png": {
      "frame": {
        "x": 0,
        "y": 210,
        "w": 128,
        "h": 105
      },
      "rotated": false,
      "trimmed": false,
      "spriteSourceSize": {
        "x": 0,
        "y": 0,
        "w": 128,
        "h": 105
      },
      "sourceSize": {
        "w": 128,
        "h": 105
      },
      "duration": 83
    },
    "a_plant_alien_growing_growing128x128_015.png": {
      "frame": {
        "x": 128,
        "y": 210,
        "w": 128,
        "h": 105
      },
      "rotated": false,
      "trimmed": false,
      "spriteSourceSize": {
        "x": 0,
        "y": 0,
        "w": 128,
        "h": 105
      },
      "sourceSize": {
        "w": 128,
        "h": 105
      },
      "duration": 83
    },
    "a_plant_alien_growing_growing128x128_016.png": {
      "frame": {
        "x": 256,
        "y": 210,
        "w": 128,
        "h": 105
      },
      "rotated": false,
      "trimmed": false,
      "spriteSourceSize": {
        "x": 0,
        "y": 0,
        "w": 128,
        "h": 105
      },
      "sourceSize": {
        "w": 128,
        "h": 105
      },
      "duration": 83
    },
    "a_plant_alien_growing_growing128x128_017.png": {
      "frame": {
        "x": 384,
        "y": 210,
        "w": 128,
        "h": 105
      },
      "rotated": false,
      "trimmed": false,
      "spriteSourceSize": {
        "x": 0,
        "y": 0,
        "w": 128,
        "h": 105
      },
      "sourceSize": {
        "w": 128,
        "h": 105
      },
      "duration": 83
    },
    "a_plant_alien_growing_growing128x128_018.png": {
      "frame": {
        "x": 512,
        "y": 210,
        "w": 128,
        "h": 105
      },
      "rotated": false,
      "trimmed": false,
      "spriteSourceSize": {
        "x": 0,
        "y": 0,
        "w": 128,
        "h": 105
      },
      "sourceSize": {
        "w": 128,
        "h": 105
      },
      "duration": 83
    },
    "a_plant_alien_growing_growing128x128_019.png": {
      "frame": {
        "x": 640,
        "y": 210,
        "w": 128,
        "h": 105
      },
      "rotated": false,
      "trimmed": false,
      "spriteSourceSize": {
        "x": 0,
        "y": 0,
        "w": 128,
        "h": 105
      },
      "sourceSize": {
        "w": 128,
        "h": 105
      },
      "duration": 83
    },
    "a_plant_alien_growing_growing128x128_020.png": {
      "frame": {
        "x": 768,
        "y": 210,
        "w": 128,
        "h": 105
      },
      "rotated": false,
      "trimmed": false,
      "spriteSourceSize": {
        "x": 0,
        "y": 0,
        "w": 128,
        "h": 105
      },
      "sourceSize": {
        "w": 128,
        "h": 105
      },
      "duration": 83
    },
    "a_plant_alien_growing_growing128x128_021.png": {
      "frame": {
        "x": 0,
        "y": 315,
        "w": 128,
        "h": 105
      },
      "rotated": false,
      "trimmed": false,
      "spriteSourceSize": {
        "x": 0,
        "y": 0,
        "w": 128,
        "h": 105
      },
      "sourceSize": {
        "w": 128,
        "h": 105
      },
      "duration": 83
    },
    "a_plant_alien_growing_growing128x128_022.png": {
      "frame": {
        "x": 128,
        "y": 315,
        "w": 128,
        "h": 105
      },
      "rotated": false,
      "trimmed": false,
      "spriteSourceSize": {
        "x": 0,
        "y": 0,
        "w": 128,
        "h": 105
      },
      "sourceSize": {
        "w": 128,
        "h": 105
      },
      "duration": 83
    },
    "a_plant_alien_growing_growing128x128_023.png": {
      "frame": {
        "x": 256,
        "y": 315,
        "w": 128,
        "h": 105
      },
      "rotated": false,
      "trimmed": false,
      "spriteSourceSize": {
        "x": 0,
        "y": 0,
        "w": 128,
        "h": 105
      },
      "sourceSize": {
        "w": 128,
        "h": 105
      },
      "duration": 83
    },
    "a_plant_alien_growing_growing128x128_024.png": {
      "frame": {
        "x": 384,
        "y": 315,
        "w": 128,
        "h": 105
      },
      "rotated": false,
      "trimmed": false,
      "spriteSourceSize": {
        "x": 0,
        "y": 0,
        "w": 128,
        "h": 105
      },
      "sourceSize": {
        "w": 128,
        "h": 105
      },
      "duration": 83
    },
    "a_plant_alien_growing_growing128x128_025.png": {
      "frame": {
        "x": 512,
        "y": 315,
        "w": 128,
        "h": 105
      },
      "rotated": false,
      "trimmed": false,
      "spriteSourceSize": {
        "x": 0,
        "y": 0,
        "w": 128,
        "h": 105
      },
      "sourceSize": {
        "w": 128,
        "h": 105
      },
      "duration": 83
    },
    "a_plant_alien_growing_growing128x128_026.png": {
      "frame": {
        "x": 640,
        "y": 315,
        "w": 128,
        "h": 105
      },
      "rotated": false,
      "trimmed": false,
      "spriteSourceSize": {
        "x": 0,
        "y": 0,
        "w": 128,
        "h": 105
      },
      "sourceSize": {
        "w": 128,
        "h": 105
      },
      "duration": 83
    },
    "a_plant_alien_growing_growing128x128_027.png": {
      "frame": {
        "x": 768,
        "y": 315,
        "w": 128,
        "h": 105
      },
      "rotated": false,
      "trimmed": false,
      "spriteSourceSize": {
        "x": 0,
        "y": 0,
        "w": 128,
        "h": 105
      },
      "sourceSize": {
        "w": 128,
        "h": 105
      },
      "duration": 83
    },
    "a_plant_alien_growing_growing128x128_028.png": {
      "frame": {
        "x": 0,
        "y": 420,
        "w": 128,
        "h": 105
      },
      "rotated": false,
      "trimmed": false,
      "spriteSourceSize": {
        "x": 0,
        "y": 0,
        "w": 128,
        "h": 105
      },
      "sourceSize": {
        "w": 128,
        "h": 105
      },
      "duration": 83
    },
    "a_plant_alien_growing_growing128x128_029.png": {
      "frame": {
        "x": 128,
        "y": 420,
        "w": 128,
        "h": 105
      },
      "rotated": false,
      "trimmed": false,
      "spriteSourceSize": {
        "x": 0,
        "y": 0,
        "w": 128,
        "h": 105
      },
      "sourceSize": {
        "w": 128,
        "h": 105
      },
      "duration": 83
    },
    "a_plant_alien_growing_growing128x128_030.png": {
      "frame": {
        "x": 256,
        "y": 420,
        "w": 128,
        "h": 105
      },
      "rotated": false,
      "trimmed": false,
      "spriteSourceSize": {
        "x": 0,
        "y": 0,
        "w": 128,
        "h": 105
      },
      "sourceSize": {
        "w": 128,
        "h": 105
      },
      "duration": 83
    },
    "a_plant_alien_growing_growing128x128_031.png": {
      "frame": {
        "x": 384,
        "y": 420,
        "w": 128,
        "h": 105
      },
      "rotated": false,
      "trimmed": false,
      "spriteSourceSize": {
        "x": 0,
        "y": 0,
        "w": 128,
        "h": 105
      },
      "sourceSize": {
        "w": 128,
        "h": 105
      },
      "duration": 83
    },
    "a_plant_alien_growing_growing128x128_032.png": {
      "frame": {
        "x": 512,
        "y": 420,
        "w": 128,
        "h": 105
      },
      "rotated": false,
      "trimmed": false,
      "spriteSourceSize": {
        "x": 0,
        "y": 0,
        "w": 128,
        "h": 105
      },
      "sourceSize": {
        "w": 128,
        "h": 105
      },
      "duration": 83
    },
    "a_plant_alien_growing_growing128x128_033.png": {
      "frame": {
        "x": 640,
        "y": 420,
        "w": 128,
        "h": 105
      },
      "rotated": false,
      "trimmed": false,
      "spriteSourceSize": {
        "x": 0,
        "y": 0,
        "w": 128,
        "h": 105
      },
      "sourceSize": {
        "w": 128,
        "h": 105
      },
      "duration": 83
    },
    "a_plant_alien_growing_growing128x128_034.png": {
      "frame": {
        "x": 768,
        "y": 420,
        "w": 128,
        "h": 105
      },
      "rotated": false,
      "trimmed": false,
      "spriteSourceSize": {
        "x": 0,
        "y": 0,
        "w": 128,
        "h": 105
      },
      "sourceSize": {
        "w": 128,
        "h": 105
      },
      "duration": 83
    },
    "a_plant_alien_growing_growing128x128_035.png": {
      "frame": {
        "x": 0,
        "y": 525,
        "w": 128,
        "h": 105
      },
      "rotated": false,
      "trimmed": false,
      "spriteSourceSize": {
        "x": 0,
        "y": 0,
        "w": 128,
        "h": 105
      },
      "sourceSize": {
        "w": 128,
        "h": 105
      },
      "duration": 83
    },
    "a_plant_alien_growing_growing128x128_036.png": {
      "frame": {
        "x": 128,
        "y": 525,
        "w": 128,
        "h": 105
      },
      "rotated": false,
      "trimmed": false,
      "spriteSourceSize": {
        "x": 0,
        "y": 0,
        "w": 128,
        "h": 105
      },
      "sourceSize": {
        "w": 128,
        "h": 105
      },
      "duration": 83
    },
    "a_plant_alien_growing_growing128x128_037.png": {
      "frame": {
        "x": 256,
        "y": 525,
        "w": 128,
        "h": 105
      },
      "rotated": false,
      "trimmed": false,
      "spriteSourceSize": {
        "x": 0,
        "y": 0,
        "w": 128,
        "h": 105
      },
      "sourceSize": {
        "w": 128,
        "h": 105
      },
      "duration": 83
    },
    "a_plant_alien_growing_growing128x128_038.png": {
      "frame": {
        "x": 384,
        "y": 525,
        "w": 128,
        "h": 105
      },
      "rotated": false,
      "trimmed": false,
      "spriteSourceSize": {
        "x": 0,
        "y": 0,
        "w": 128,
        "h": 105
      },
      "sourceSize": {
        "w": 128,
        "h": 105
      },
      "duration": 83
    },
    "a_plant_alien_growing_growing128x128_039.png": {
      "frame": {
        "x": 512,
        "y": 525,
        "w": 128,
        "h": 105
      },
      "rotated": false,
      "trimmed": false,
      "spriteSourceSize": {
        "x": 0,
        "y": 0,
        "w": 128,
        "h": 105
      },
      "sourceSize": {
        "w": 128,
        "h": 105
      },
      "duration": 83
    },
    "a_plant_alien_growing_growing128x128_040.png": {
      "frame": {
        "x": 640,
        "y": 525,
        "w": 128,
        "h": 105
      },
      "rotated": false,
      "trimmed": false,
      "spriteSourceSize": {
        "x": 0,
        "y": 0,
        "w": 128,
        "h": 105
      },
      "sourceSize": {
        "w": 128,
        "h": 105
      },
      "duration": 83
    },
    "a_plant_alien_growing_growing128x128_041.png": {
      "frame": {
        "x": 768,
        "y": 525,
        "w": 128,
        "h": 105
      },
      "rotated": false,
      "trimmed": false,
      "spriteSourceSize": {
        "x": 0,
        "y": 0,
        "w": 128,
        "h": 105
      },
      "sourceSize": {
        "w": 128,
        "h": 105
      },
      "duration": 83
    },
    "a_plant_alien_growing_growing128x128_042.png": {
      "frame": {
        "x": 0,
        "y": 630,
        "w": 128,
        "h": 105
      },
      "rotated": false,
      "trimmed": false,
      "spriteSourceSize": {
        "x": 0,
        "y": 0,
        "w": 128,
        "h": 105
      },
      "sourceSize": {
        "w": 128,
        "h": 105
      },
      "duration": 83
    },
    "a_plant_alien_growing_growing128x128_043.png": {
      "frame": {
        "x": 128,
        "y": 630,
        "w": 128,
        "h": 105
      },
      "rotated": false,
      "trimmed": false,
      "spriteSourceSize": {
        "x": 0,
        "y": 0,
        "w": 128,
        "h": 105
      },
      "sourceSize": {
        "w": 128,
        "h": 105
      },
      "duration": 83
    },
    "a_plant_alien_growing_growing128x128_044.png": {
      "frame": {
        "x": 256,
        "y": 630,
        "w": 128,
        "h": 105
      },
      "rotated": false,
      "trimmed": false,
      "spriteSourceSize": {
        "x": 0,
        "y": 0,
        "w": 128,
        "h": 105
      },
      "sourceSize": {
        "w": 128,
        "h": 105
      },
      "duration": 83
    },
    "a_plant_alien_growing_growing128x128_045.png": {
      "frame": {
        "x": 384,
        "y": 630,
        "w": 128,
        "h": 105
      },
      "rotated": false,
      "trimmed": false,
      "spriteSourceSize": {
        "x": 0,
        "y": 0,
        "w": 128,
        "h": 105
      },
      "sourceSize": {
        "w": 128,
        "h": 105
      },
      "duration": 83
    },
    "a_plant_alien_growing_growing128x128_046.png": {
      "frame": {
        "x": 512,
        "y": 630,
        "w": 128,
        "h": 105
      },
      "rotated": false,
      "trimmed": false,
      "spriteSourceSize": {
        "x": 0,
        "y": 0,
        "w": 128,
        "h": 105
      },
      "sourceSize": {
        "w": 128,
        "h": 105
      },
      "duration": 83
    },
    "a_plant_alien_growing_growing128x128_047.png": {
      "frame": {
        "x": 640,
        "y": 630,
        "w": 128,
        "h": 105
      },
      "rotated": false,
      "trimmed": false,
      "spriteSourceSize": {
        "x": 0,
        "y": 0,
        "w": 128,
        "h": 105
      },
      "sourceSize": {
        "w": 128,
        "h": 105
      },
      "duration": 83
    }
  }
}